artifact_id,logical_name,sha256,size_bytes,published
windows_rx_peak_phase1,private_sim/windows/rx_peak_phase1.log,52cd20bcbd34a7e768a6b14c8dbc71df862fa7af53d3202b51c12905800d415c,149541,false
windows_loopback_peak_phase1,private_sim/windows/loopback_peak_phase1.log,42f7318e6dabf3bc07d4aa9086a57a518979dbc83dca03511c314f24448fb520,236608,false
windows_rx_peak_phase3,private_sim/windows/rx_peak_phase3.log,c92cabddc9712f8ee11a2fd786e70e216512ce7adf21cf79c99923c4a7cf1e2c,149541,false
windows_loopback_peak_phase3,private_sim/windows/loopback_peak_phase3.log,60eebed41c35a91779b9b94a041ab2095c276b030a4f9c67a151303f268b80ea,236608,false
windows_rx_peak_phase7,private_sim/windows/rx_peak_phase7.log,83638b159eb675c5e2680e9458eb6cd66ee63cd7b1ad7a902ba301be1527255b,149541,false
windows_loopback_peak_phase7,private_sim/windows/loopback_peak_phase7.log,4bd61fdc915c539b00574a379de57dbce05621521cf1725e54c90bd6ee74bb01,236608,false
windows_rx_peak_ideal_split,private_sim/windows/rx_peak_ideal_split.log,3cfbe43bc40ce464d7d554c73cd4502113974f02115950b4c7a29fed2b54dae9,149541,false
windows_loopback_peak_ideal_split,private_sim/windows/loopback_peak_ideal_split.log,75b774f0130cd38ac74a28dc40a16da11e9a5928166a0f757c29cc769603af0c,236600,false
windows_rx_size_64,private_sim/windows/rx_size_64.log,71b19b2d4a335417857150f440ed01fef4deea1712dd2a7ee10956153dc51933,146427,false
windows_loopback_size_64,private_sim/windows/loopback_size_64.log,e191b908f3cdea86ec842f77959e98ea3caada61fb5027474724efa03569d468,231419,false
windows_rx_size_128,private_sim/windows/rx_size_128.log,f2f64311e1e9412f27020f76283d0f7345afbeabb3e053e70d1adf7b4edc013b,147466,false
windows_loopback_size_128,private_sim/windows/loopback_size_128.log,2b87cf2217ed5260e46899a0f082766fa7bc6464f28064812e7bcde4d9ef2179,233481,false
windows_rx_size_256,private_sim/windows/rx_size_256.log,b72f24db7ffecde45281d055d3af1e544a5746ad1f3064bc5a6f5a1458febef5,147470,false
windows_loopback_size_256,private_sim/windows/loopback_size_256.log,028b2994c8f56dba0b1cf6bc019b3fcc548ca258e8d10fa36ddb0d3241f91a45,233481,false
windows_rx_size_1024,private_sim/windows/rx_size_1024.log,223521eccf7e681bbad70cb707749a20d6c5047a8c7d6b7fab8d56208c19eefd,149534,false
windows_loopback_size_1024,private_sim/windows/loopback_size_1024.log,b4612401e45ed2fbec0d15a2eeaaaa34fc4f067b219254cf702da4dcea074f49,235552,false
windows_rx_size_4096,private_sim/windows/rx_size_4096.log,920a03cc27cebad697b0245235a04583f8cd80eb57c5ce8fcde46b7b8f0ae185,149541,false
windows_loopback_size_4096,private_sim/windows/loopback_size_4096.log,7b4ff5fe0bd89bff43048b63145cd19c8c83eb35cbe145a0fb3f8c224e7a3049,236608,false
windows_mixed16,private_sim/windows/mixed16.log,fd3516a1ac809fd77f15659ea6ff2d9cc40bab12c4cd85993d66ec358b05808d,235829,false
windows_hp0_l8_s100,private_sim/windows/hp0_l8_s100.log,7ff6fd066cec47fdea2f6898ddee5f9122531a5690b906f74c0ffd3b2c2192da,236620,false
windows_hp0_l8_s75,private_sim/windows/hp0_l8_s75.log,63b00dc4770519be897e76f4560814d4ccfc350d20d14b6ec7a6e273f4e61404,236620,false
windows_hp0_l8_s50,private_sim/windows/hp0_l8_s50.log,baa0cb409986111fcecc3e8f599bd2a6f4d3f1a6517516197edbae3cc897db15,236621,false
windows_hp0_l16_s100,private_sim/windows/hp0_l16_s100.log,7bfcb3987e62569b90b366be25fe75f568b3eb4daa063b580591aa1ff0e9b31a,236628,false
windows_hp0_l16_s75,private_sim/windows/hp0_l16_s75.log,c850f4db734c94266aec2b476cfa2b1f1b5dbb420c2761e009451572b216e6ca,236628,false
windows_hp0_l16_s50,private_sim/windows/hp0_l16_s50.log,00d840a8125a96f9b4612327f78d15018cfdd350a56866bb79e41c4632240237,236628,false
windows_hp0_l32_s100,private_sim/windows/hp0_l32_s100.log,8d4378c8ef45dec6fdfd43fb7c80581d1a45145e9127cbde852357420fe20ec4,236627,false
windows_hp0_l32_s75,private_sim/windows/hp0_l32_s75.log,5ad31b5cf92dd21925a7fc6612297f71e1281d61260819a363e5e53b05436087,236628,false
windows_hp0_l32_s50,private_sim/windows/hp0_l32_s50.log,a3004b82fd3ded5d7c4c119de17dab1c0e74418d00f1f813ca3ea27a82862bc7,236628,false
linux_rx_peak_phase1,private_sim/linux/rx_peak_phase1.log,1216c21e2cba3ca8f81cb399aab3f712b9eb90004cb1ad3acdfb9affc55530c3,147020,false
linux_loopback_peak_phase1,private_sim/linux/loopback_peak_phase1.log,fda249a92ba2dfd1c0ea675418622a7852ea294ade6d50e2b49acc76676c8204,233063,false
linux_rx_peak_phase3,private_sim/linux/rx_peak_phase3.log,3135a41639cd6de2071e6dab2db5fb875a3b1e50a320cac23edc419ef8b122b5,147020,false
linux_loopback_peak_phase3,private_sim/linux/loopback_peak_phase3.log,deabf61815fa9b91478bb276626dd57037f2215edf35a9b6a454a9c52f0740e1,233063,false
linux_rx_peak_phase7,private_sim/linux/rx_peak_phase7.log,4e8459def1f3abf7c2cbd123f8f0379d32bca828db9336b30ab674a2ed40c094,147020,false
linux_loopback_peak_phase7,private_sim/linux/loopback_peak_phase7.log,33f2b620c9ccf32a4b8a173ce214e628c34ea30a85b1fc3a614e1a4966a80338,233063,false
linux_rx_peak_ideal_split,private_sim/linux/rx_peak_ideal_split.log,c0a1f899d87866b23573aefd73af1c9fc134e05a748bf296338010aa8d829dc1,147020,false
linux_loopback_peak_ideal_split,private_sim/linux/loopback_peak_ideal_split.log,6b4e52f79cbd2015099f7dabe7547fd5a49e3506e67d24a5215d958bb32dd3ae,233055,false
linux_rx_size_64,private_sim/linux/rx_size_64.log,d62085c74081a45b8036e1324db9a63bc3194b645836893ab857200c385e778a,143906,false
linux_loopback_size_64,private_sim/linux/loopback_size_64.log,702c20cad11fe08242298f503d3e836dad87c1a63c773aed5876d5a2dedd63ed,227874,false
linux_rx_size_128,private_sim/linux/rx_size_128.log,6b137a7be252c5a306797e381bce0772cfd151a6d1d9f6d5fcda24a0610733f4,144945,false
linux_loopback_size_128,private_sim/linux/loopback_size_128.log,00a2ee3a474df75ea29caee87b59924cc6e1eac4fb24b29f19a78fdf7da58f3a,229936,false
linux_rx_size_256,private_sim/linux/rx_size_256.log,384fa57a8354a040fb0f5f19553ddadac61902a97ff42d02570ce819f024fb72,144949,false
linux_loopback_size_256,private_sim/linux/loopback_size_256.log,c9bfb2ef0bde27af1999732be75628f000dacd7553b6a7efc598ad57dfb2257e,229936,false
linux_rx_size_1024,private_sim/linux/rx_size_1024.log,e5d156ec11cf8fe25290ad28723ca77b8630806b9b684e178566d5efa3788b59,147013,false
linux_loopback_size_1024,private_sim/linux/loopback_size_1024.log,d453ffc94c7dbe37e4eebf8811fbf1e76d9716daf3578fa49731cc7df3698429,232007,false
linux_rx_size_4096,private_sim/linux/rx_size_4096.log,dc54de76405f9102b86df69d115c19d94dc004f9200e917796efa6c4be25aa5c,147020,false
linux_loopback_size_4096,private_sim/linux/loopback_size_4096.log,b292c0e9e40ae23257d38fdcf49458c423f5e4071660ca9eee84d4cd6cdb3bf2,233063,false
linux_mixed16,private_sim/linux/mixed16.log,67b2a699b4384ad59631745a36180807716c48b00b95681ddfcc6a29c060327b,232268,false
linux_hp0_l8_s100,private_sim/linux/hp0_l8_s100.log,7af42ed90286899bfa246c1649ccb1ddd7b533ed11bf8eddf2b1bfe26710a9a0,233075,false
linux_hp0_l8_s75,private_sim/linux/hp0_l8_s75.log,1e866fe52236839828e660e8034e869695588261131f7ca434f26301f05e997e,233075,false
linux_hp0_l8_s50,private_sim/linux/hp0_l8_s50.log,deed73b54d28c4df873e7afeac1df4c6a107e7ae3bfd52ccd5402b7d5d13d516,233076,false
linux_hp0_l16_s100,private_sim/linux/hp0_l16_s100.log,0a368b21088debb1bf3edbd3827035ad495e246df1c4e68ec89e52de71ff5649,233083,false
linux_hp0_l16_s75,private_sim/linux/hp0_l16_s75.log,112db9ae476ff5cd07706e87a24c8044620935da495cb8a924ab75f14e5fb450,233083,false
linux_hp0_l16_s50,private_sim/linux/hp0_l16_s50.log,839b7606f50fb4387e044d1f6163ed16a92a5e776c4c43b73b2fcf7ddf596f81,233083,false
linux_hp0_l32_s100,private_sim/linux/hp0_l32_s100.log,9bbfb4e2abcfae4279ad70fce995d507bb2d489cb964bdd14edec5fcd8f055e8,233082,false
linux_hp0_l32_s75,private_sim/linux/hp0_l32_s75.log,eda1d3a0f65e37d47fe56783344c49b7ec50e3af0e6be90adfd9455eaa6f5bec,233083,false
linux_hp0_l32_s50,private_sim/linux/hp0_l32_s50.log,75b266aeeb26d2c90cb695965ed14db040cf7490f0b8462f56b377af3d5eb6a3,233083,false
windows_loopback_ladder_1,private_sim/windows/loopback_ladder_1.log,e3387e7fc10328ab4a9b798421aa912692f029b97ec767a2d393c1040a63e898,19844,false
windows_loopback_ladder_2,private_sim/windows/loopback_ladder_2.log,4568b9752e7246de5ca004ebcd548d39204b3024d66fd113bfaee74012c3305a,20064,false
windows_loopback_ladder_5,private_sim/windows/loopback_ladder_5.log,9093fb1503eedce9201295a457f181408e05ee8f91e1561588b27adc0636c0ea,20683,false
windows_loopback_ladder_32,private_sim/windows/loopback_ladder_32.log,ef256ff413796802e4e06b4564066eb62d67efd59dd8721c893172969249817e,26301,false
windows_loopback_ladder_1024,private_sim/windows/loopback_ladder_1024.log,b14be86e99f24d8b94f178f4841e582f708d6f02446b62de3b44452e18679c49,236608,false
linux_loopback_ladder_1,private_sim/linux/loopback_ladder_1.log,6fda95fe321499bc4d5d1a5f9b90129edf0cfa043e69fc7a690501855ee09ddd,19368,false
linux_loopback_ladder_2,private_sim/linux/loopback_ladder_2.log,3394e900b49b9572a9344faa189e8b6132897788f83eb1f18ab176a49f03cf20,19585,false
linux_loopback_ladder_5,private_sim/linux/loopback_ladder_5.log,bd68ac999299c4fd6d03a66f3a07909907620ca91ce1ec434ebea8b0ed0b55fa,20195,false
linux_loopback_ladder_32,private_sim/linux/loopback_ladder_32.log,ec2449800408767d871edfbe1c6e93e6b6d3b8b2a86b67e5b7c7bf503ff55cba,25732,false
linux_loopback_ladder_1024,private_sim/linux/loopback_ladder_1024.log,44d97e7d74a07f0ef006b7d24d7c0bff5f124591c793b0d72b438eed7c44aff6,233063,false
