point_key,point_id,platform,simulator,scenario,frames,payload_bytes,shared_service,response_latency_cycles,service_percent,mem_phase_ns,clock_mhz,hw_cycles,steady_cycles,rx_axis_valid,rx_axis_ready,rx_axis_fire,tx_axis_valid,tx_axis_ready,tx_axis_fire,main_read_bytes,rx_payload_write_bytes,cq_bus_write_bytes,main_ar_bursts,main_aw_bursts,rx_aw_bursts,rx_peak_outstanding,tx_peak_outstanding,rx_input_stall,cdc_payload_stall,aw_stall,w_stall,b_stall,ar_stall,r_stall,rx_cqe,tx_cqe,frame_fail,frame_drop,deadlock,protocol_error,payload_crc,latency_count,status,pass_marker
windows:rx_peak_phase1,rx_peak_phase1,windows,Model Technology ModelSim SE-64 vsim 2020.4 Simulator 2020.10 Oct 13 2020,rx_peak,1024,4194304,1,16,100,1,100,625756,625670,623843,68521,66560,0,625804,0,0,4194304,65536,0,2048,32768,4,0,557283,454656,0,0,0,0,0,1024,0,0,0,0,0,c5e7b05a,1024,PASS,true
windows:loopback_peak_phase1,loopback_peak_phase1,windows,Model Technology ModelSim SE-64 vsim 2020.4 Simulator 2020.10 Oct 13 2020,loopback_peak,1024,4194304,1,16,100,1,100,1094782,1094626,220010,927075,66560,204665,941397,66560,4259840,4194304,131072,33792,4096,32768,4,4,153450,790200,0,0,0,0,0,1024,1024,0,0,0,0,c5e7b05a,1024,PASS,true
windows:rx_peak_phase3,rx_peak_phase3,windows,Model Technology ModelSim SE-64 vsim 2020.4 Simulator 2020.10 Oct 13 2020,rx_peak,1024,4194304,1,16,100,3,100,625756,625670,623843,68521,66560,0,625804,0,0,4194304,65536,0,2048,32768,4,0,557283,454656,0,0,0,0,0,1024,0,0,0,0,0,c5e7b05a,1024,PASS,true
windows:loopback_peak_phase3,loopback_peak_phase3,windows,Model Technology ModelSim SE-64 vsim 2020.4 Simulator 2020.10 Oct 13 2020,loopback_peak,1024,4194304,1,16,100,3,100,1094782,1094626,220010,927075,66560,204665,941397,66560,4259840,4194304,131072,33792,4096,32768,4,4,153450,790200,0,0,0,0,0,1024,1024,0,0,0,0,c5e7b05a,1024,PASS,true
windows:rx_peak_phase7,rx_peak_phase7,windows,Model Technology ModelSim SE-64 vsim 2020.4 Simulator 2020.10 Oct 13 2020,rx_peak,1024,4194304,1,16,100,7,100,625756,625670,623843,68521,66560,0,625804,0,0,4194304,65536,0,2048,32768,4,0,557283,454656,0,0,0,0,0,1024,0,0,0,0,0,c5e7b05a,1024,PASS,true
windows:loopback_peak_phase7,loopback_peak_phase7,windows,Model Technology ModelSim SE-64 vsim 2020.4 Simulator 2020.10 Oct 13 2020,loopback_peak,1024,4194304,1,16,100,7,100,1094782,1094626,220010,927075,66560,204665,941397,66560,4259840,4194304,131072,33792,4096,32768,4,4,153450,790200,0,0,0,0,0,1024,1024,0,0,0,0,c5e7b05a,1024,PASS,true
windows:rx_peak_ideal_split,rx_peak_ideal_split,windows,Model Technology ModelSim SE-64 vsim 2020.4 Simulator 2020.10 Oct 13 2020,rx_peak,1024,4194304,0,16,100,3,100,625756,625670,623843,68521,66560,0,625804,0,0,4194304,65536,0,2048,32768,4,0,557283,454656,0,0,0,0,0,1024,0,0,0,0,0,c5e7b05a,1024,PASS,true
windows:loopback_peak_ideal_split,loopback_peak_ideal_split,windows,Model Technology ModelSim SE-64 vsim 2020.4 Simulator 2020.10 Oct 13 2020,loopback_peak,1024,4194304,0,16,100,3,100,670236,670081,184205,546518,66560,177044,552656,66560,4259840,4194304,131072,33792,4096,32768,4,4,117645,454656,0,0,0,0,0,1024,1024,0,0,0,0,c5e7b05a,1024,PASS,true
windows:rx_size_64,rx_size_64,windows,Model Technology ModelSim SE-64 vsim 2020.4 Simulator 2020.10 Oct 13 2020,rx_size,1024,65536,1,16,100,3,100,109597,109511,107941,2626,2048,0,109645,0,0,65536,65536,0,2048,1024,1,0,105893,0,0,0,0,0,0,1024,0,0,0,0,0,4b72bab7,1024,PASS,true
windows:loopback_size_64,loopback_size_64,windows,Model Technology ModelSim SE-64 vsim 2020.4 Simulator 2020.10 Oct 13 2020,loopback_size,1024,65536,1,16,100,3,100,144437,144274,2048,144502,2048,2048,144502,2048,131072,65536,131072,2048,4096,1024,1,1,0,0,0,0,0,0,0,1024,1024,0,0,0,0,4b72bab7,1024,PASS,true
windows:rx_size_128,rx_size_128,windows,Model Technology ModelSim SE-64 vsim 2020.4 Simulator 2020.10 Oct 13 2020,rx_size,1024,131072,1,16,100,3,100,117790,117704,116200,4704,3072,0,117838,0,0,131072,65536,0,2048,1024,1,0,113128,10240,0,0,0,0,0,1024,0,0,0,0,0,4d5c51fb,1024,PASS,true
windows:loopback_size_128,loopback_size_128,windows,Model Technology ModelSim SE-64 vsim 2020.4 Simulator 2020.10 Oct 13 2020,loopback_size,1024,131072,1,16,100,3,100,152629,152474,3072,152694,3072,3072,152694,3072,196608,131072,131072,2048,4096,1024,1,1,0,10240,0,0,0,0,0,1024,1024,0,0,0,0,4d5c51fb,1024,PASS,true
windows:rx_size_256,rx_size_256,windows,Model Technology ModelSim SE-64 vsim 2020.4 Simulator 2020.10 Oct 13 2020,rx_size,1024,262144,1,16,100,3,100,134176,134090,132636,6707,5120,0,134224,0,0,262144,65536,0,2048,2048,2,0,127516,24576,0,0,0,0,0,1024,0,0,0,0,0,619a4e04,1024,PASS,true
windows:loopback_size_256,loopback_size_256,windows,Model Technology ModelSim SE-64 vsim 2020.4 Simulator 2020.10 Oct 13 2020,loopback_size,1024,262144,1,16,100,3,100,173122,172966,5120,173187,5120,5120,173187,5120,327680,262144,131072,3072,4096,2048,2,2,0,24576,0,0,0,0,0,1024,1024,0,0,0,0,619a4e04,1024,PASS,true
windows:rx_size_1024,rx_size_1024,windows,Model Technology ModelSim SE-64 vsim 2020.4 Simulator 2020.10 Oct 13 2020,rx_size,1024,1048576,1,16,100,3,100,232492,232406,230626,19322,17408,0,232540,0,0,1048576,65536,0,2048,8192,4,0,213218,110592,0,0,0,0,0,1024,0,0,0,0,0,d72cab32,1024,PASS,true
windows:loopback_size_1024,loopback_size_1024,windows,Model Technology ModelSim SE-64 vsim 2020.4 Simulator 2020.10 Oct 13 2020,loopback_size,1024,1048576,1,16,100,3,100,308350,308194,17408,308415,17408,17408,308415,17408,1114112,1048576,131072,9216,4096,8192,4,4,0,110592,0,0,0,0,0,1024,1024,0,0,0,0,d72cab32,1024,PASS,true
windows:rx_size_4096,rx_size_4096,windows,Model Technology ModelSim SE-64 vsim 2020.4 Simulator 2020.10 Oct 13 2020,rx_size,1024,4194304,1,16,100,3,100,625756,625670,623843,68521,66560,0,625804,0,0,4194304,65536,0,2048,32768,4,0,557283,454656,0,0,0,0,0,1024,0,0,0,0,0,c5e7b05a,1024,PASS,true
windows:loopback_size_4096,loopback_size_4096,windows,Model Technology ModelSim SE-64 vsim 2020.4 Simulator 2020.10 Oct 13 2020,loopback_size,1024,4194304,1,16,100,3,100,1094782,1094626,220010,927075,66560,204665,941397,66560,4259840,4194304,131072,33792,4096,32768,4,4,153450,790200,0,0,0,0,0,1024,1024,0,0,0,0,c5e7b05a,1024,PASS,true
windows:mixed16,mixed16,windows,Model Technology ModelSim SE-64 vsim 2020.4 Simulator 2020.10 Oct 13 2020,mixed16,1024,1137344,1,16,100,3,100,340115,339960,18795,340180,18795,18795,340180,18795,1202880,1137344,131072,10012,4096,9119,4,4,0,143045,0,0,0,0,0,1024,1024,0,0,0,0,166260c3,1024,PASS,true
windows:hp0_l8_s100,hp0_l8_s100,windows,Model Technology ModelSim SE-64 vsim 2020.4 Simulator 2020.10 Oct 13 2020,hp0_sensitivity,1024,4194304,1,8,100,3,100,1094742,1094626,277298,869747,66560,261953,884069,66560,4259840,4194304,131072,33792,4096,32768,4,4,210738,814752,0,0,0,0,0,1024,1024,0,0,0,0,c5e7b05a,1024,PASS,true
windows:hp0_l8_s75,hp0_l8_s75,windows,Model Technology ModelSim SE-64 vsim 2020.4 Simulator 2020.10 Oct 13 2020,hp0_sensitivity,1024,4194304,1,8,75,3,100,1450068,1449892,384713,1112543,66560,363230,1131980,66560,4259840,4194304,131072,33792,4096,32768,4,4,318153,1122792,0,0,0,0,0,1024,1024,0,0,0,0,c5e7b05a,1024,PASS,true
windows:hp0_l8_s50,hp0_l8_s50,windows,Model Technology ModelSim SE-64 vsim 2020.4 Simulator 2020.10 Oct 13 2020,hp0_sensitivity,1024,4194304,1,8,50,3,100,2160718,2160489,595451,1601202,66560,563738,1631892,66560,4259840,4194304,131072,33792,4096,32768,4,4,528891,1719500,0,0,0,0,0,1024,1024,0,0,0,0,c5e7b05a,1024,PASS,true
windows:hp0_l16_s100,hp0_l16_s100,windows,Model Technology ModelSim SE-64 vsim 2020.4 Simulator 2020.10 Oct 13 2020,hp0_sensitivity,1024,4194304,1,16,100,3,100,1094782,1094626,220010,927075,66560,204665,941397,66560,4259840,4194304,131072,33792,4096,32768,4,4,153450,790200,0,0,0,0,0,1024,1024,0,0,0,0,c5e7b05a,1024,PASS,true
windows:hp0_l16_s75,hp0_l16_s75,windows,Model Technology ModelSim SE-64 vsim 2020.4 Simulator 2020.10 Oct 13 2020,hp0_sensitivity,1024,4194304,1,16,75,3,100,1450108,1449900,327425,1169871,66560,305942,1189308,66560,4259840,4194304,131072,33792,4096,32768,4,4,260865,1098248,0,0,0,0,0,1024,1024,0,0,0,0,c5e7b05a,1024,PASS,true
windows:hp0_l16_s50,hp0_l16_s50,windows,Model Technology ModelSim SE-64 vsim 2020.4 Simulator 2020.10 Oct 13 2020,hp0_sensitivity,1024,4194304,1,16,50,3,100,2160758,2160497,538163,1658530,66560,506450,1689220,66560,4259840,4194304,131072,33792,4096,32768,4,4,471603,1711324,0,0,0,0,0,1024,1024,0,0,0,0,c5e7b05a,1024,PASS,true
windows:hp0_l32_s100,hp0_l32_s100,windows,Model Technology ModelSim SE-64 vsim 2020.4 Simulator 2020.10 Oct 13 2020,hp0_sensitivity,1024,4194304,1,32,100,3,100,1094862,1094626,105434,1041731,66560,90089,1056053,66560,4259840,4194304,131072,33792,4096,32768,4,4,38874,741096,0,0,0,0,0,1024,1024,0,0,0,0,c5e7b05a,1024,PASS,true
windows:hp0_l32_s75,hp0_l32_s75,windows,Model Technology ModelSim SE-64 vsim 2020.4 Simulator 2020.10 Oct 13 2020,hp0_sensitivity,1024,4194304,1,32,75,3,100,1450188,1449916,212849,1284527,66560,191366,1303964,66560,4259840,4194304,131072,33792,4096,32768,4,4,146289,1049160,0,0,0,0,0,1024,1024,0,0,0,0,c5e7b05a,1024,PASS,true
windows:hp0_l32_s50,hp0_l32_s50,windows,Model Technology ModelSim SE-64 vsim 2020.4 Simulator 2020.10 Oct 13 2020,hp0_sensitivity,1024,4194304,1,32,50,3,100,2160838,2160513,423587,1773186,66560,391874,1803876,66560,4259840,4194304,131072,33792,4096,32768,4,4,357027,1662236,0,0,0,0,0,1024,1024,0,0,0,0,c5e7b05a,1024,PASS,true
linux:rx_peak_phase1,rx_peak_phase1,linux,Questa Sim-64 vsim 10.7c Simulator 2018.08 Aug 17 2018,rx_peak,1024,4194304,1,16,100,1,100,625756,625670,623843,68521,66560,0,625804,0,0,4194304,65536,0,2048,32768,4,0,557283,454656,0,0,0,0,0,1024,0,0,0,0,0,c5e7b05a,1024,PASS,true
linux:loopback_peak_phase1,loopback_peak_phase1,linux,Questa Sim-64 vsim 10.7c Simulator 2018.08 Aug 17 2018,loopback_peak,1024,4194304,1,16,100,1,100,1094782,1094626,220010,927075,66560,204665,941397,66560,4259840,4194304,131072,33792,4096,32768,4,4,153450,790200,0,0,0,0,0,1024,1024,0,0,0,0,c5e7b05a,1024,PASS,true
linux:rx_peak_phase3,rx_peak_phase3,linux,Questa Sim-64 vsim 10.7c Simulator 2018.08 Aug 17 2018,rx_peak,1024,4194304,1,16,100,3,100,625756,625670,623843,68521,66560,0,625804,0,0,4194304,65536,0,2048,32768,4,0,557283,454656,0,0,0,0,0,1024,0,0,0,0,0,c5e7b05a,1024,PASS,true
linux:loopback_peak_phase3,loopback_peak_phase3,linux,Questa Sim-64 vsim 10.7c Simulator 2018.08 Aug 17 2018,loopback_peak,1024,4194304,1,16,100,3,100,1094782,1094626,220010,927075,66560,204665,941397,66560,4259840,4194304,131072,33792,4096,32768,4,4,153450,790200,0,0,0,0,0,1024,1024,0,0,0,0,c5e7b05a,1024,PASS,true
linux:rx_peak_phase7,rx_peak_phase7,linux,Questa Sim-64 vsim 10.7c Simulator 2018.08 Aug 17 2018,rx_peak,1024,4194304,1,16,100,7,100,625756,625670,623843,68521,66560,0,625804,0,0,4194304,65536,0,2048,32768,4,0,557283,454656,0,0,0,0,0,1024,0,0,0,0,0,c5e7b05a,1024,PASS,true
linux:loopback_peak_phase7,loopback_peak_phase7,linux,Questa Sim-64 vsim 10.7c Simulator 2018.08 Aug 17 2018,loopback_peak,1024,4194304,1,16,100,7,100,1094782,1094626,220010,927075,66560,204665,941397,66560,4259840,4194304,131072,33792,4096,32768,4,4,153450,790200,0,0,0,0,0,1024,1024,0,0,0,0,c5e7b05a,1024,PASS,true
linux:rx_peak_ideal_split,rx_peak_ideal_split,linux,Questa Sim-64 vsim 10.7c Simulator 2018.08 Aug 17 2018,rx_peak,1024,4194304,0,16,100,3,100,625756,625670,623843,68521,66560,0,625804,0,0,4194304,65536,0,2048,32768,4,0,557283,454656,0,0,0,0,0,1024,0,0,0,0,0,c5e7b05a,1024,PASS,true
linux:loopback_peak_ideal_split,loopback_peak_ideal_split,linux,Questa Sim-64 vsim 10.7c Simulator 2018.08 Aug 17 2018,loopback_peak,1024,4194304,0,16,100,3,100,670236,670081,184205,546518,66560,177044,552656,66560,4259840,4194304,131072,33792,4096,32768,4,4,117645,454656,0,0,0,0,0,1024,1024,0,0,0,0,c5e7b05a,1024,PASS,true
linux:rx_size_64,rx_size_64,linux,Questa Sim-64 vsim 10.7c Simulator 2018.08 Aug 17 2018,rx_size,1024,65536,1,16,100,3,100,109597,109511,107941,2626,2048,0,109645,0,0,65536,65536,0,2048,1024,1,0,105893,0,0,0,0,0,0,1024,0,0,0,0,0,4b72bab7,1024,PASS,true
linux:loopback_size_64,loopback_size_64,linux,Questa Sim-64 vsim 10.7c Simulator 2018.08 Aug 17 2018,loopback_size,1024,65536,1,16,100,3,100,144437,144274,2048,144502,2048,2048,144502,2048,131072,65536,131072,2048,4096,1024,1,1,0,0,0,0,0,0,0,1024,1024,0,0,0,0,4b72bab7,1024,PASS,true
linux:rx_size_128,rx_size_128,linux,Questa Sim-64 vsim 10.7c Simulator 2018.08 Aug 17 2018,rx_size,1024,131072,1,16,100,3,100,117790,117704,116200,4704,3072,0,117838,0,0,131072,65536,0,2048,1024,1,0,113128,10240,0,0,0,0,0,1024,0,0,0,0,0,4d5c51fb,1024,PASS,true
linux:loopback_size_128,loopback_size_128,linux,Questa Sim-64 vsim 10.7c Simulator 2018.08 Aug 17 2018,loopback_size,1024,131072,1,16,100,3,100,152629,152474,3072,152694,3072,3072,152694,3072,196608,131072,131072,2048,4096,1024,1,1,0,10240,0,0,0,0,0,1024,1024,0,0,0,0,4d5c51fb,1024,PASS,true
linux:rx_size_256,rx_size_256,linux,Questa Sim-64 vsim 10.7c Simulator 2018.08 Aug 17 2018,rx_size,1024,262144,1,16,100,3,100,134176,134090,132636,6707,5120,0,134224,0,0,262144,65536,0,2048,2048,2,0,127516,24576,0,0,0,0,0,1024,0,0,0,0,0,619a4e04,1024,PASS,true
linux:loopback_size_256,loopback_size_256,linux,Questa Sim-64 vsim 10.7c Simulator 2018.08 Aug 17 2018,loopback_size,1024,262144,1,16,100,3,100,173122,172966,5120,173187,5120,5120,173187,5120,327680,262144,131072,3072,4096,2048,2,2,0,24576,0,0,0,0,0,1024,1024,0,0,0,0,619a4e04,1024,PASS,true
linux:rx_size_1024,rx_size_1024,linux,Questa Sim-64 vsim 10.7c Simulator 2018.08 Aug 17 2018,rx_size,1024,1048576,1,16,100,3,100,232492,232406,230626,19322,17408,0,232540,0,0,1048576,65536,0,2048,8192,4,0,213218,110592,0,0,0,0,0,1024,0,0,0,0,0,d72cab32,1024,PASS,true
linux:loopback_size_1024,loopback_size_1024,linux,Questa Sim-64 vsim 10.7c Simulator 2018.08 Aug 17 2018,loopback_size,1024,1048576,1,16,100,3,100,308350,308194,17408,308415,17408,17408,308415,17408,1114112,1048576,131072,9216,4096,8192,4,4,0,110592,0,0,0,0,0,1024,1024,0,0,0,0,d72cab32,1024,PASS,true
linux:rx_size_4096,rx_size_4096,linux,Questa Sim-64 vsim 10.7c Simulator 2018.08 Aug 17 2018,rx_size,1024,4194304,1,16,100,3,100,625756,625670,623843,68521,66560,0,625804,0,0,4194304,65536,0,2048,32768,4,0,557283,454656,0,0,0,0,0,1024,0,0,0,0,0,c5e7b05a,1024,PASS,true
linux:loopback_size_4096,loopback_size_4096,linux,Questa Sim-64 vsim 10.7c Simulator 2018.08 Aug 17 2018,loopback_size,1024,4194304,1,16,100,3,100,1094782,1094626,220010,927075,66560,204665,941397,66560,4259840,4194304,131072,33792,4096,32768,4,4,153450,790200,0,0,0,0,0,1024,1024,0,0,0,0,c5e7b05a,1024,PASS,true
linux:mixed16,mixed16,linux,Questa Sim-64 vsim 10.7c Simulator 2018.08 Aug 17 2018,mixed16,1024,1137344,1,16,100,3,100,340115,339960,18795,340180,18795,18795,340180,18795,1202880,1137344,131072,10012,4096,9119,4,4,0,143045,0,0,0,0,0,1024,1024,0,0,0,0,166260c3,1024,PASS,true
linux:hp0_l8_s100,hp0_l8_s100,linux,Questa Sim-64 vsim 10.7c Simulator 2018.08 Aug 17 2018,hp0_sensitivity,1024,4194304,1,8,100,3,100,1094742,1094626,277298,869747,66560,261953,884069,66560,4259840,4194304,131072,33792,4096,32768,4,4,210738,814752,0,0,0,0,0,1024,1024,0,0,0,0,c5e7b05a,1024,PASS,true
linux:hp0_l8_s75,hp0_l8_s75,linux,Questa Sim-64 vsim 10.7c Simulator 2018.08 Aug 17 2018,hp0_sensitivity,1024,4194304,1,8,75,3,100,1450068,1449892,384713,1112543,66560,363230,1131980,66560,4259840,4194304,131072,33792,4096,32768,4,4,318153,1122792,0,0,0,0,0,1024,1024,0,0,0,0,c5e7b05a,1024,PASS,true
linux:hp0_l8_s50,hp0_l8_s50,linux,Questa Sim-64 vsim 10.7c Simulator 2018.08 Aug 17 2018,hp0_sensitivity,1024,4194304,1,8,50,3,100,2160718,2160489,595451,1601202,66560,563738,1631892,66560,4259840,4194304,131072,33792,4096,32768,4,4,528891,1719500,0,0,0,0,0,1024,1024,0,0,0,0,c5e7b05a,1024,PASS,true
linux:hp0_l16_s100,hp0_l16_s100,linux,Questa Sim-64 vsim 10.7c Simulator 2018.08 Aug 17 2018,hp0_sensitivity,1024,4194304,1,16,100,3,100,1094782,1094626,220010,927075,66560,204665,941397,66560,4259840,4194304,131072,33792,4096,32768,4,4,153450,790200,0,0,0,0,0,1024,1024,0,0,0,0,c5e7b05a,1024,PASS,true
linux:hp0_l16_s75,hp0_l16_s75,linux,Questa Sim-64 vsim 10.7c Simulator 2018.08 Aug 17 2018,hp0_sensitivity,1024,4194304,1,16,75,3,100,1450108,1449900,327425,1169871,66560,305942,1189308,66560,4259840,4194304,131072,33792,4096,32768,4,4,260865,1098248,0,0,0,0,0,1024,1024,0,0,0,0,c5e7b05a,1024,PASS,true
linux:hp0_l16_s50,hp0_l16_s50,linux,Questa Sim-64 vsim 10.7c Simulator 2018.08 Aug 17 2018,hp0_sensitivity,1024,4194304,1,16,50,3,100,2160758,2160497,538163,1658530,66560,506450,1689220,66560,4259840,4194304,131072,33792,4096,32768,4,4,471603,1711324,0,0,0,0,0,1024,1024,0,0,0,0,c5e7b05a,1024,PASS,true
linux:hp0_l32_s100,hp0_l32_s100,linux,Questa Sim-64 vsim 10.7c Simulator 2018.08 Aug 17 2018,hp0_sensitivity,1024,4194304,1,32,100,3,100,1094862,1094626,105434,1041731,66560,90089,1056053,66560,4259840,4194304,131072,33792,4096,32768,4,4,38874,741096,0,0,0,0,0,1024,1024,0,0,0,0,c5e7b05a,1024,PASS,true
linux:hp0_l32_s75,hp0_l32_s75,linux,Questa Sim-64 vsim 10.7c Simulator 2018.08 Aug 17 2018,hp0_sensitivity,1024,4194304,1,32,75,3,100,1450188,1449916,212849,1284527,66560,191366,1303964,66560,4259840,4194304,131072,33792,4096,32768,4,4,146289,1049160,0,0,0,0,0,1024,1024,0,0,0,0,c5e7b05a,1024,PASS,true
linux:hp0_l32_s50,hp0_l32_s50,linux,Questa Sim-64 vsim 10.7c Simulator 2018.08 Aug 17 2018,hp0_sensitivity,1024,4194304,1,32,50,3,100,2160838,2160513,423587,1773186,66560,391874,1803876,66560,4259840,4194304,131072,33792,4096,32768,4,4,357027,1662236,0,0,0,0,0,1024,1024,0,0,0,0,c5e7b05a,1024,PASS,true
windows:loopback_ladder_1,loopback_ladder_1,windows,Model Technology ModelSim SE-64 vsim 2020.4 Simulator 2020.10 Oct 13 2020,loopback_peak,1,4096,1,16,100,3,100,1195,1039,65,1260,65,65,1260,65,4160,4096,128,33,4,32,4,4,0,444,0,0,0,0,0,1,1,0,0,0,0,25b38bd9,1,PASS,true
windows:loopback_ladder_2,loopback_ladder_2,windows,Model Technology ModelSim SE-64 vsim 2020.4 Simulator 2020.10 Oct 13 2020,loopback_peak,2,8192,1,16,100,3,100,2264,2108,280,2165,130,265,2179,130,8320,8192,256,66,8,64,4,4,150,1216,0,0,0,0,0,2,2,0,0,0,0,6c24e5dd,2,PASS,true
windows:loopback_ladder_5,loopback_ladder_5,windows,Model Technology ModelSim SE-64 vsim 2020.4 Simulator 2020.10 Oct 13 2020,loopback_peak,5,20480,1,16,100,3,100,5471,5315,925,4880,325,865,4936,325,20800,20480,640,165,20,160,4,4,600,3532,0,0,0,0,0,5,5,0,0,0,0,7b145c0a,5,PASS,true
windows:loopback_ladder_32,loopback_ladder_32,windows,Model Technology ModelSim SE-64 vsim 2020.4 Simulator 2020.10 Oct 13 2020,loopback_peak,32,131072,1,16,100,3,100,34334,34178,6730,29315,2080,6265,29749,2080,133120,131072,4096,1056,128,1024,4,4,4650,24376,0,0,0,0,0,32,32,0,0,0,0,528b74fe,32,PASS,true
windows:loopback_ladder_1024,loopback_ladder_1024,windows,Model Technology ModelSim SE-64 vsim 2020.4 Simulator 2020.10 Oct 13 2020,loopback_peak,1024,4194304,1,16,100,3,100,1094782,1094626,220010,927075,66560,204665,941397,66560,4259840,4194304,131072,33792,4096,32768,4,4,153450,790200,0,0,0,0,0,1024,1024,0,0,0,0,c5e7b05a,1024,PASS,true
linux:loopback_ladder_1,loopback_ladder_1,linux,Questa Sim-64 vsim 10.7c Simulator 2018.08 Aug 17 2018,loopback_peak,1,4096,1,16,100,3,100,1195,1039,65,1260,65,65,1260,65,4160,4096,128,33,4,32,4,4,0,444,0,0,0,0,0,1,1,0,0,0,0,25b38bd9,1,PASS,true
linux:loopback_ladder_2,loopback_ladder_2,linux,Questa Sim-64 vsim 10.7c Simulator 2018.08 Aug 17 2018,loopback_peak,2,8192,1,16,100,3,100,2264,2108,280,2165,130,265,2179,130,8320,8192,256,66,8,64,4,4,150,1216,0,0,0,0,0,2,2,0,0,0,0,6c24e5dd,2,PASS,true
linux:loopback_ladder_5,loopback_ladder_5,linux,Questa Sim-64 vsim 10.7c Simulator 2018.08 Aug 17 2018,loopback_peak,5,20480,1,16,100,3,100,5471,5315,925,4880,325,865,4936,325,20800,20480,640,165,20,160,4,4,600,3532,0,0,0,0,0,5,5,0,0,0,0,7b145c0a,5,PASS,true
linux:loopback_ladder_32,loopback_ladder_32,linux,Questa Sim-64 vsim 10.7c Simulator 2018.08 Aug 17 2018,loopback_peak,32,131072,1,16,100,3,100,34334,34178,6730,29315,2080,6265,29749,2080,133120,131072,4096,1056,128,1024,4,4,4650,24376,0,0,0,0,0,32,32,0,0,0,0,528b74fe,32,PASS,true
linux:loopback_ladder_1024,loopback_ladder_1024,linux,Questa Sim-64 vsim 10.7c Simulator 2018.08 Aug 17 2018,loopback_peak,1024,4194304,1,16,100,3,100,1094782,1094626,220010,927075,66560,204665,941397,66560,4259840,4194304,131072,33792,4096,32768,4,4,153450,790200,0,0,0,0,0,1024,1024,0,0,0,0,c5e7b05a,1024,PASS,true
