evaluation_id,point_id,artifact_class,logical_name,sha256,published_payload
writer_component,writer_component_w0,dc_report,area,0e753a1cc3ebd79ab08fc10cab12b891cda5df2a4897d6d52b33869f90ecbff0,hash_only
writer_component,writer_component_w0,dc_report,qor,fb5de5190118f02a60b7b420c932ac44083db31c7179eb0718ea28d7906174b5,hash_only
writer_component,writer_component_w0,dc_report,setup_top20,7f159cac62c76501ee238038a711c3a8b3817a61363468b0b4f6bab98d09e054,hash_only
writer_component,writer_component_w0,dc_report,hold_top20,06a1320e6c03d7734ff63964fe6072a01569e4acc7956532d1a402ba2b5fdcf4,hash_only
writer_component,writer_component_w0,dc_report,check_design,9c34440409899e3e383170ff2739366c2e36aee2a3c219d18d186e3afc1da7c5,hash_only
writer_component,writer_component_w0,dc_report,check_timing,94bf7675a38cf2f7e109edbc8dc51e1112bf6d2b3427362c2e14197d434eaf38,hash_only
writer_component,writer_component_w0,dc_report,constraint_identity,c72cc6393a596edeef1303a6a8353002ea4e073dc27950eaf42005345418437e,hash_only
writer_component,writer_component_w0,dc_report,reservation_matches,88c36d056b612efaa9fbf90c5629a9f6b64b67ea76586b816d97f9dbd4c6cd16,hash_only
writer_component,writer_component_w1,dc_report,area,e408ad743ec790323a2927db34241b4f0a80d3a4f999f0a5aacb7d500538c2d1,hash_only
writer_component,writer_component_w1,dc_report,qor,0e3ced9d07b0171da7b04a29e5ac583475156ab0b6e8e563e88ba2e1e6fa7736,hash_only
writer_component,writer_component_w1,dc_report,setup_top20,7862ccd291d9f9be27bdac757401957ab67396a826f72d009064ee7754bb736f,hash_only
writer_component,writer_component_w1,dc_report,hold_top20,781c2a3084b4c513487e0963d02a02bc1e4d3610092aa929eaa5bd09488f0101,hash_only
writer_component,writer_component_w1,dc_report,check_design,5434c04fac0b4565a025f0c478bdea09fa6323578bd37a0557e38322a7fa5aff,hash_only
writer_component,writer_component_w1,dc_report,check_timing,94bf7675a38cf2f7e109edbc8dc51e1112bf6d2b3427362c2e14197d434eaf38,hash_only
writer_component,writer_component_w1,dc_report,constraint_identity,c72cc6393a596edeef1303a6a8353002ea4e073dc27950eaf42005345418437e,hash_only
writer_component,writer_component_w1,dc_report,reservation_matches,19359af304bf2bce5aa3fa816205d47e2182d0748436d4f9fd4d3b03efac5958,hash_only
c2b4_writer,c2b4_writer_w2,dc_report,area,2eb7ab93a24ac73d19a16a0004332abaca074b35ac63649b048de0c1d20f15b6,hash_only
c2b4_writer,c2b4_writer_w2,dc_report,hierarchy_area,504bda1d944aa2a6bf61c384d76e9b6e2c4b845bf4e9781bc3045fa0e838ece0,hash_only
c2b4_writer,c2b4_writer_w2,dc_report,qor,ab9b247c0eb278d05f41b12a2e604c1934f6396533d8a3dcfabd5f2db1679e6d,hash_only
c2b4_writer,c2b4_writer_w2,dc_report,setup_top20,a41edf9790e70da7e856ba9a72c88e41a6608c901ebae789c6d6b782db7f0438,hash_only
c2b4_writer,c2b4_writer_w2,dc_report,writer_setup_top20,79e64128864bf34f45b19dfc21870b1391021ee991e6963d5655acb3e57b356e,hash_only
c2b4_writer,c2b4_writer_w2,dc_report,reservation_matches,584b94d1fc4c33b943410cb6a70223f83b07dfa39bdd4e43332c87b085cd0ffd,hash_only
c2b4_writer,c2b4_writer_w2,mapped_output,mapped_netlist,44fbdec0ae3d10b8e7cd6a37560870683c4341cebe17d3412d9b1569b58d49b8,hash_only
c2b4_writer,c2b4_writer_w2,mapped_output,ddc,12b6ba326bf4c13992b7549f03c4e5cbde402f6f0e1d73358c5e36906b01519f,hash_only
c2b4_writer,c2b4_writer_w2,mapped_output,mapped_sdc,1447c8957507f39de73fb322ca330aeb98c13f37c8be538ab3c9431534496e97,hash_only
c2b4_writer,c2b4_writer_w0,dc_report,area,36761032941d1ce9af5f4b7134c3c7219fea93bde67178726b2484df87510467,hash_only
c2b4_writer,c2b4_writer_w0,dc_report,hierarchy_area,bf557417f1cb6f0c56bfa0331f0828dffa181df9448d7c45b8793ca3e815e06d,hash_only
c2b4_writer,c2b4_writer_w0,dc_report,qor,9a799aa582441eb43755d454baf7d115ce68a87ce325da6491c8b48a1e9a22fb,hash_only
c2b4_writer,c2b4_writer_w0,dc_report,setup_top20,edda67b13ed4642d9f50a45dc6277da59795f25e15d1e2b2381c60a1057e94bd,hash_only
c2b4_writer,c2b4_writer_w0,dc_report,writer_setup_top20,4b1c3830db548482d43e3a33b246dff90be22ff10992b111a2daef4e4e296b4c,hash_only
c2b4_writer,c2b4_writer_w0,dc_report,reservation_matches,4e8ffbbc1aa9c65e30af2554bd5ee4e62d522fbcb54c6a8a80933821608fa030,hash_only
c2b4_writer,c2b4_writer_w0,mapped_output,mapped_netlist,14ead46cdb7e0dca1624d0533d2695f6dbc41a51e644f9a50a08d7bc67a58c6a,hash_only
c2b4_writer,c2b4_writer_w0,mapped_output,ddc,6e035c6319ae3e7bf44e774ca1a02a950dd13adb995e0e76030a6f41fd65299b,hash_only
c2b4_writer,c2b4_writer_w0,mapped_output,mapped_sdc,31518792daf35959fb0844983ec3f1cce68f6fd68bcb96c9a652ad2033e733d5,hash_only
c2b4_writer,c2b4_writer_w1,dc_report,area,ca2d8003b4d49418ca37b47ac53279e7549944418ef22a32e66ea6b3bcf9fe0d,hash_only
c2b4_writer,c2b4_writer_w1,dc_report,hierarchy_area,f752e135d6cde04262b79360543062cd7ed43067e853b799aa0a8709dfb97cc3,hash_only
c2b4_writer,c2b4_writer_w1,dc_report,qor,f2eb7cbfc2520b370b6020ef9d55bec3cbd43b2e6829793286641926e83271c0,hash_only
c2b4_writer,c2b4_writer_w1,dc_report,setup_top20,23c30986edcd7d0998891d600634f03c60fc4f8c8bc1c9b90496c4c526294cdd,hash_only
c2b4_writer,c2b4_writer_w1,dc_report,writer_setup_top20,d754441482e0ce8fea027a2d4ed076a95bbf4041d744877017431ce59048bbcc,hash_only
c2b4_writer,c2b4_writer_w1,dc_report,reservation_matches,584b94d1fc4c33b943410cb6a70223f83b07dfa39bdd4e43332c87b085cd0ffd,hash_only
c2b4_writer,c2b4_writer_w1,mapped_output,mapped_netlist,b4aa24cd655ce934e6d35ec7bc67fc54216db2125c6375143e583c19ac260591,hash_only
c2b4_writer,c2b4_writer_w1,mapped_output,ddc,e9c55d0ee2869f8b7b4dcdde1394d5804e83e8e9aeecf7f5669d5e4a88fcf0c6,hash_only
c2b4_writer,c2b4_writer_w1,mapped_output,mapped_sdc,b33944e5106c5e089e73e2a0bba9f4fe8951435aa8102f08451e9d4f51a624df,hash_only
shared_pool_scheduler,shared_pool_p6,dc_report,area,3db824d447573185ddd02dc3b7c0c5f84bc5ec880707527007abaad1838d7e63,hash_only
shared_pool_scheduler,shared_pool_p6,dc_report,qor,60a0765e8270d51fea0c2fd785180c2f83d5da1f38767c8378ecf04ac16b1a1f,hash_only
shared_pool_scheduler,shared_pool_p6,dc_report,setup_top20,7e6d1feac2b5095cdda26bf8135e841b2969647071b899d7c83381ae3ec83519,hash_only
shared_pool_scheduler,shared_pool_p6,dc_report,hold_top20,d4d9b353e74911b10c8e02b6622628bb8cc78749971d462f2a627cb4f0d931ae,hash_only
shared_pool_scheduler,shared_pool_p6,dc_report,check_design,02fb2c6adcdb3e7003c61f766a35095f0f77f94679742732ced6354a5ae0d878,hash_only
shared_pool_scheduler,shared_pool_p6,dc_report,check_timing,94bf7675a38cf2f7e109edbc8dc51e1112bf6d2b3427362c2e14197d434eaf38,hash_only
shared_pool_scheduler,shared_pool_p6,dc_report,constraints,93e7ba980a808da37d4cdd15032f39beb9ed9ef0dcdc2f7653ea8b29fc304bbb,hash_only
shared_pool_scheduler,shared_pool_p7,dc_report,area,dcbe2aabf1aad0e94ff05d31d53235f43b23155058b7d01a74e76039e95c9bd0,hash_only
shared_pool_scheduler,shared_pool_p7,dc_report,qor,2f45cd23e7d0266193f3845d5accef6c2eadf56eca6846a15b85b49f3ce73b1c,hash_only
shared_pool_scheduler,shared_pool_p7,dc_report,setup_top20,17c2c8b00168f72b8a2b4fcd7e75e20bd357ff5f47640cf853b8c82456a5b5fa,hash_only
shared_pool_scheduler,shared_pool_p7,dc_report,hold_top20,0a45a82b6022b9e659157ecf95ad93ade3e518f3eaa4725d058a6b3a8d0a16d8,hash_only
shared_pool_scheduler,shared_pool_p7,dc_report,check_design,a3e1f171f5a971fcb53141b99a36a5d8f8e3b39fe6600467666efe446e1fc0cd,hash_only
shared_pool_scheduler,shared_pool_p7,dc_report,check_timing,94bf7675a38cf2f7e109edbc8dc51e1112bf6d2b3427362c2e14197d434eaf38,hash_only
shared_pool_scheduler,shared_pool_p7,dc_report,constraints,0ec4ea3332b672313ab736be1ef420bd4aa6b401b2a6bda0b240297b23fc836d,hash_only
