evaluation_id,scope,point_id,source_commit,path,blob,sha256,size_bytes
writer_component,point,writer_component_w0,5c6829acd74ce525c5b986d609a2f94f8b75a11e,rtl/rx/dma_axi_write_engine_512.v,7a34840ceb0468a461d99a2544a6b6e3208d70cf,bd4e0081cbc667a1947fb6ed68057fec46a24660d991dd72a6576d92b0cae32e,13256
writer_component,point,writer_component_w1,529256758b33ba9628bc0bf93501297dd3e25487,rtl/rx/dma_axi_write_engine_512.v,9a21d55a0d22f1390bb356ae09adeb72557e44ac,6ea3f0445916cd2304cb29fb6c513dbc70a0da60da134b5ff815f4a46310ad0b,14002
c2b4_writer,common,*,348df4949d4d88954a4402cd47118c6444099a17,filelists/dma_a3_target_b_register.f,87c12dbdd49bad3c1c100a74bf569e87ca4454a3,ff43e4f6fe198077ab766e01d6ad0dd6428ff2ce32cc29b7c7248f6724da7a79,337
c2b4_writer,common,*,348df4949d4d88954a4402cd47118c6444099a17,rtl/include/dma_defs.vh,27aa63eaee05ef1737e767ee919281f20fb04ad2,b4f1d77e577c9452c25ba4cd8013d48cd9b6c49be3f880be7a90f1f6c65cb0e2,13786
c2b4_writer,common,*,348df4949d4d88954a4402cd47118c6444099a17,rtl/common/dma_payload_beat_ram.v,b8a131aaab18c966682683f6b426a8d8e1c0b510,6029c43d87784c9f761949e1453449553127f364ffec13bd24a8584e6bcb4a38,847
c2b4_writer,common,*,348df4949d4d88954a4402cd47118c6444099a17,rtl/rx/dma_rx_fc_ingress_bank.v,a9508ef31aae4ea7e8edf03eeb674cc5c66576c3,132e72cf4fc48c0c809cc0380105d7b05b20b2426a387ea18633306b6b149f4a,28261
c2b4_writer,common,*,348df4949d4d88954a4402cd47118c6444099a17,rtl/rx/dma_frame_payload_ram.v,875650a44e5f38e38b53fe5147dc2f0c4e88565a,4f76689f7f8226084c7760d7888392e84c6efbdf37ff4d7871ff2db573f6b7c3,1253
c2b4_writer,common,*,348df4949d4d88954a4402cd47118c6444099a17,rtl/rx/dma_frame_shared_pool.v,ec07e9627563c6abb2e316213f6108a6dc1822b2,4cb4b2b174f740ea38c83e1a127ec2568b8503dc024bbc4e9459af75e6751720,29562
c2b4_writer,common,*,348df4949d4d88954a4402cd47118c6444099a17,rtl/rx/dma_rx_frame_shared_adapter.v,e4c364d3ae260d794e0247bce96bb4ce100c4391,46a2f72441ef2c38b620b64ad41e37b01250fd0e296078efc93b900d565133d8,28101
c2b4_writer,common,*,348df4949d4d88954a4402cd47118c6444099a17,rtl/rx/dma_rx_ingress_source_selector.v,4eaa31a5e75c17ee57aa00fefaf5f6ec2fc569bd,3cb25be9a0a58d0fd5c8ecb494898e3e927168e7acba9064a01ef79275269b18,6853
c2b4_writer,common,*,348df4949d4d88954a4402cd47118c6444099a17,flows/asic/a1/rtl/dma_rx512_writer_route_top.v,9eab526285b538ca3886ace2d7146f09eec4e8a5,f2c8f4780774e2296d0a1dc42a7bf968b2ac58a5508baa47e3d68b408d074ace,2548
c2b4_writer,common,*,348df4949d4d88954a4402cd47118c6444099a17,flows/asic/a1/rtl/dma_rx512_memory_subsystem_top.v,2ac1eea9c7fd8339ad03025920af11721d355a67,12b8147dc37614e0622f8bfe9f3c00e981b6f8d76e48efbc80c64647833700ad,18110
c2b4_writer,point,c2b4_writer_w2,348df4949d4d88954a4402cd47118c6444099a17,rtl/rx/dma_axi_write_engine_512.v,0d53caa0b73df2302865b0222cd8aed5abf5193f,d6585993fdab2446049d0f7efcf90412755106587d59c5441228b789c7f500b2,14322
c2b4_writer,point,c2b4_writer_w0,5c6829acd74ce525c5b986d609a2f94f8b75a11e,rtl/rx/dma_axi_write_engine_512.v,7a34840ceb0468a461d99a2544a6b6e3208d70cf,bd4e0081cbc667a1947fb6ed68057fec46a24660d991dd72a6576d92b0cae32e,13256
c2b4_writer,point,c2b4_writer_w1,529256758b33ba9628bc0bf93501297dd3e25487,rtl/rx/dma_axi_write_engine_512.v,9a21d55a0d22f1390bb356ae09adeb72557e44ac,6ea3f0445916cd2304cb29fb6c513dbc70a0da60da134b5ff815f4a46310ad0b,14002
shared_pool_scheduler,point,shared_pool_p6,bbc5da96acda883257b6da67577f8360a6f7f555,rtl/dma_frame_shared_pool.v,39d3cf8b52682eec5243b51246bf3d79baf6ca23,22c82fab06b67afbf66e6de5c6860ddef78f538cc3b84c053af1a584fa2d2a38,16006
shared_pool_scheduler,point,shared_pool_p6,bbc5da96acda883257b6da67577f8360a6f7f555,rtl/dma_frame_payload_ram.v,4ffd61f4d2445aa540bb19a5bf75f8d608767753,d71bf42e794b8eb8844ffcd863a57fd2f6a411c18c974f4b856940c8b0b7db78,982
shared_pool_scheduler,point,shared_pool_p7,02b4f9f0ff47fd103d252f5207a25f46f59699d0,rtl/dma_frame_shared_pool.v,35fa118d65f8259f43535ac541da1b087f0c9704,1e3f107fbec34d812ca5caf4dd8e8c110a026be5fa339cdc348ae8886cf90ee8,18942
shared_pool_scheduler,point,shared_pool_p7,02b4f9f0ff47fd103d252f5207a25f46f59699d0,rtl/dma_frame_payload_ram.v,4ffd61f4d2445aa540bb19a5bf75f8d608767753,d71bf42e794b8eb8844ffcd863a57fd2f6a411c18c974f4b856940c8b0b7db78,982
